{"cameraMode":{"drawMode":0,"name":"Shaded","section":"Shading Mode"},"sceneLighting":false,"audioPlay":false,"sceneViewState":{"m_AlwaysRefresh":false,"showFog":true,"showSkybox":false,"showFlares":true,"showImageEffects":true,"showParticleSystems":true,"showVisualEffectGraphs":true,"m_FxEnabled":true},"in2DMode":false,"pivot":{"x":0.8701361417770386,"y":4.300868034362793,"z":-2.4131529331207277},"rotation":{"x":0.2134694755077362,"y":-0.054923586547374728,"z":0.015445511788129807,"w":0.9761297702789307},"size":0.42239364981651308,"orthographic":false}