{"cameraMode":{"drawMode":0,"name":"Shaded","section":"Shading Mode"},"sceneLighting":false,"audioPlay":false,"sceneViewState":{"m_AlwaysRefresh":false,"showFog":true,"showSkybox":false,"showFlares":true,"showImageEffects":true,"showParticleSystems":true,"showVisualEffectGraphs":true,"m_FxEnabled":true},"in2DMode":false,"pivot":{"x":0.09199999272823334,"y":-0.2680000066757202,"z":-1.1740000247955323},"rotation":{"x":0.29813042283058169,"y":-0.20309707522392274,"z":0.07460077852010727,"w":0.9305925369262695},"size":1.0024968385696412,"orthographic":false}